0,1
0,1
argentina,",Barracas Central vs Boca juniors, Dia de la Bandera,Godoy Cruz vs Defensa y Justicia, Independiente,IndependienteEstudiantes"
australia,",Adam Bandt Australian flag,Jimmy Carr,Shortest day of the year, Fatima Payman,Kyrie Irving"
austria," ,Mario Götze, Gut gegen Nordwind,Mellach,Sylvie Meis,Angst essen Seele auf"
belgium," , Switch, Flavie Flament,Fall Guys, Judy Garland,Patrice Lumumba"
brazil,", SED, PETR,Calendário do Bolsa Família , Inverno, ABC"
canada," , Heat warning, Summer solstice ,Memorial Cup , Kuzmenko,National Indigenous Peoples Day"
chile," ,Fall Guys,Solsticio de Invierno,Fibrosis pulmonar,Cadem,Christian Garín"
denmark," , Jane Seymour,Nadia Nadim,Ezra Miller,Recession,Dirty Dancing"
egypt," ,برج القاهرة,حوادث اليوم,فيديو ذبح فتاة المنصورة,مديحة الحسينى,اخبار اليوم"
germany,", Mario Götze,Chris Töpperwien, Documenta,Macron, AfD-Parteitag"
greece,",Θεατρο Γης,Μηχανογραφικο ,Leon of Athens,ΑΑΔΕ, Taxis"
indonesia,",Nasida Ria,PPDB Jabar,Bali United vs Persebaya, PPDB Jateng, PPDB Online SMP"
israel," , עמית סגל, ביבי,יאיר לפיד, כאן , בחירות"
italy,", Chiara Ferragni,Giorgia Cardinaletti, Arisa,Donnie Darko,Cavani"
switzerland,", Freddie Mercury, Noe Ponti,Tobias Moretti Quad-Unfall, Sylvie Meis, Paul Haggis"
turkey,",Çağlar Ökten, Yarının Sınırında, Istiridye,Beyaz TV cin çıkarma,Şinasi Yüzbaşıoğlu"
united_kingdom,",Tom Mann, Kaliningrad, Primark,Summer solstice , TfL"
united_states,",Summer solstice , Warriors parade,Kyrie Irving,Bill Nye,Jim Carrey"
